[
   {
      "location": {
         "projectName": "JPinkney-local-doc",
         "path": "app.js",
         "startLine": 31,
         "startColumn": 39,
         "endLine": 31,
         "endColumn": 45
      },
      "repr": "(parameter 1 (member join *))",
      "score": 0.5501314401626587,
      "snippet": {
         "beforeLines": [
            "var app = express();",
            "",
            "// view engine setup"
         ],
         "before": "app.set('views', path.join(__dirname, ",
         "highlight": "'views'",
         "afterLines": [
            "app.set('view engine', 'ejs');",
            "",
            "app.use(logger('dev'));"
         ],
         "after": "));"
      },
      "reach": false,
      "locationEnclosingStm": {
         "projectName": "JPinkney-local-doc",
         "path": "app.js",
         "startLine": 31,
         "startColumn": 1,
         "endLine": 31,
         "endColumn": 48
      },
      "locationEnclosingFunc": {
         "projectName": "JPinkney-local-doc",
         "path": "app.js",
         "startLine": 1,
         "startColumn": 1,
         "endLine": 31,
         "endColumn": 48
      }
   },
   {
      "location": {
         "projectName": "JPinkney-local-doc",
         "path": "app.js",
         "startLine": 38,
         "startColumn": 45,
         "endLine": 38,
         "endColumn": 52
      },
      "repr": "(parameter 1 (member join *))",
      "score": 0.5484738945960999,
      "snippet": {
         "beforeLines": [
            "app.use(bodyParser.json());",
            "app.use(bodyParser.urlencoded({ extended: false }));",
            "app.use(cookieParser());"
         ],
         "before": "app.use(express.static(path.join(__dirname, ",
         "highlight": "'public'",
         "afterLines": [
            "",
            "app.use('/', routes);",
            ""
         ],
         "after": ")));"
      },
      "reach": false,
      "locationEnclosingStm": {
         "projectName": "JPinkney-local-doc",
         "path": "app.js",
         "startLine": 38,
         "startColumn": 1,
         "endLine": 38,
         "endColumn": 56
      },
      "locationEnclosingFunc": {
         "projectName": "JPinkney-local-doc",
         "path": "app.js",
         "startLine": 1,
         "startColumn": 1,
         "endLine": 38,
         "endColumn": 56
      }
   },
   {
      "location": {
         "projectName": "JPinkney-local-doc",
         "path": "app.js",
         "startLine": 67,
         "startColumn": 24,
         "endLine": 67,
         "endColumn": 27
      },
      "repr": "(parameter 0 (member render *))",
      "score": 0.9167963266372681,
      "snippet": {
         "beforeLines": [
            "    ",
            "    var text = fs.readFileSync(__dirname+'/../'+filename+\"/README.md\", 'utf8');",
            "    "
         ],
         "before": "    res.send(md.render(",
         "highlight": "text",
         "afterLines": [
            "    ",
            "});",
            ""
         ],
         "after": "));"
      },
      "reach": false,
      "locationEnclosingStm": {
         "projectName": "JPinkney-local-doc",
         "path": "app.js",
         "startLine": 67,
         "startColumn": 5,
         "endLine": 67,
         "endColumn": 30
      },
      "locationEnclosingFunc": {
         "projectName": "JPinkney-local-doc",
         "path": "app.js",
         "startLine": 61,
         "startColumn": 20,
         "endLine": 67,
         "endColumn": 30
      }
   },
   {
      "location": {
         "projectName": "JPinkney-local-doc",
         "path": "app.js",
         "startLine": 75,
         "startColumn": 8,
         "endLine": 75,
         "endColumn": 10
      },
      "repr": "(parameter 0 (parameter next (parameter 0 (member use *))))",
      "score": 0.0037313433,
      "snippet": {
         "beforeLines": [
            "app.use(function(req, res, next) {",
            "  var err = new Error('Not Found');",
            "  err.status = 404;"
         ],
         "before": "  next(",
         "highlight": "err",
         "afterLines": [
            "});",
            "",
            "// error handlers"
         ],
         "after": ");"
      },
      "reach": false,
      "locationEnclosingStm": {
         "projectName": "JPinkney-local-doc",
         "path": "app.js",
         "startLine": 75,
         "startColumn": 3,
         "endLine": 75,
         "endColumn": 12
      },
      "locationEnclosingFunc": {
         "projectName": "JPinkney-local-doc",
         "path": "app.js",
         "startLine": 72,
         "startColumn": 9,
         "endLine": 75,
         "endColumn": 12
      }
   }
]