[
   {
      "location": {
         "projectName": "Mermade-openapi-webconverter",
         "path": "api.js",
         "startLine": 59,
         "startColumn": 40,
         "endLine": 59,
         "endColumn": 45
      },
      "repr": "(parameter 0 (member indexOf *))",
      "score": 0.7388937324285507,
      "snippet": {
         "beforeLines": [
            "            payload.prefix = '';",
            "            payload.contentType = 'application/json';",
            "        }"
         ],
         "before": "        if (req.headers.accept.indexOf(",
         "highlight": "'yaml'",
         "afterLines": [
            "            payload.prefix = '';",
            "            payload.contentType = 'application/x-yaml';",
            "            payload.yamlResponse = true;"
         ],
         "after": ")>=0) {"
      },
      "reach": false,
      "locationEnclosingStm": {
         "projectName": "Mermade-openapi-webconverter",
         "path": "api.js",
         "startLine": 59,
         "startColumn": 9,
         "endLine": 63,
         "endColumn": 9
      },
      "locationEnclosingFunc": {
         "projectName": "Mermade-openapi-webconverter",
         "path": "api.js",
         "startLine": 47,
         "startColumn": 1,
         "endLine": 63,
         "endColumn": 9
      }
   },
   {
      "location": {
         "projectName": "Mermade-openapi-webconverter",
         "path": "api.js",
         "startLine": 108,
         "startColumn": 37,
         "endLine": 108,
         "endColumn": 46
      },
      "repr": "(parameter 1 (member join *))",
      "score": 0.5486061573028564,
      "snippet": {
         "beforeLines": [
            "app.get('/contract/:spec.json',function(req,res){",
            "    res.set('Content-Type', 'application/json');",
            "    res.set('Access-Control-Allow-Origin','*');"
         ],
         "before": "    fs.readFile(path.join(__dirname,",
         "highlight": "'contract'",
         "afterLines": [
            "        res.send(data);",
            "    });",
            "});"
         ],
         "after": ",req.params.spec+'.json'),'utf8',function(err,data){"
      },
      "reach": false,
      "locationEnclosingStm": {
         "projectName": "Mermade-openapi-webconverter",
         "path": "api.js",
         "startLine": 108,
         "startColumn": 5,
         "endLine": 110,
         "endColumn": 7
      },
      "locationEnclosingFunc": {
         "projectName": "Mermade-openapi-webconverter",
         "path": "api.js",
         "startLine": 105,
         "startColumn": 32,
         "endLine": 110,
         "endColumn": 7
      }
   },
   {
      "location": {
         "projectName": "Mermade-openapi-webconverter",
         "path": "api.js",
         "startLine": 116,
         "startColumn": 37,
         "endLine": 116,
         "endColumn": 46
      },
      "repr": "(parameter 1 (member join *))",
      "score": 0.5487027168273926,
      "snippet": {
         "beforeLines": [
            "app.get('/contract/:spec.yaml',function(req,res){",
            "    res.set('Content-Type', 'application/x-yaml');",
            "    res.set('Access-Control-Allow-Origin','*');"
         ],
         "before": "    fs.readFile(path.join(__dirname,",
         "highlight": "'contract'",
         "afterLines": [
            "        res.send(yaml.stringify(yaml.parse(data)));",
            "    });",
            "});"
         ],
         "after": ",req.params.spec+'.json'),'utf8',function(err,data){"
      },
      "reach": false,
      "locationEnclosingStm": {
         "projectName": "Mermade-openapi-webconverter",
         "path": "api.js",
         "startLine": 116,
         "startColumn": 5,
         "endLine": 118,
         "endColumn": 7
      },
      "locationEnclosingFunc": {
         "projectName": "Mermade-openapi-webconverter",
         "path": "api.js",
         "startLine": 113,
         "startColumn": 32,
         "endLine": 118,
         "endColumn": 7
      }
   },
   {
      "location": {
         "projectName": "Mermade-openapi-webconverter",
         "path": "api.js",
         "startLine": 122,
         "startColumn": 37,
         "endLine": 122,
         "endColumn": 48
      },
      "repr": "(parameter 1 (member join *))",
      "score": 0.5542877614498138,
      "snippet": {
         "beforeLines": [
            "});",
            "",
            "app.get('/api', function(req,res) {"
         ],
         "before": "    fs.readFile(path.join(__dirname,",
         "highlight": "'index.html'",
         "afterLines": [
            "        res.send(data);",
            "    });",
            "});"
         ],
         "after": "),'utf8',function(err,data){"
      },
      "reach": false,
      "locationEnclosingStm": {
         "projectName": "Mermade-openapi-webconverter",
         "path": "api.js",
         "startLine": 122,
         "startColumn": 5,
         "endLine": 124,
         "endColumn": 7
      },
      "locationEnclosingFunc": {
         "projectName": "Mermade-openapi-webconverter",
         "path": "api.js",
         "startLine": 121,
         "startColumn": 17,
         "endLine": 124,
         "endColumn": 7
      }
   },
   {
      "location": {
         "projectName": "Mermade-openapi-webconverter",
         "path": "api.js",
         "startLine": 137,
         "startColumn": 52,
         "endLine": 137,
         "endColumn": 52
      },
      "repr": "(parameter 1 (member join *))",
      "score": 0.5685907900333405,
      "snippet": {
         "beforeLines": [
            "    if (up.protocol) return fetch(u);",
            "    let data = '{\"openapi\": \"404\"}';",
            "    try {"
         ],
         "before": "        data = fs.readFileSync(path.join(__dirname,",
         "highlight": "u",
         "afterLines": [
            "    }",
            "    catch (ex) {",
            "        console.warn(ex.message);"
         ],
         "after": "),'utf8');"
      },
      "reach": true,
      "locationEnclosingStm": {
         "projectName": "Mermade-openapi-webconverter",
         "path": "api.js",
         "startLine": 137,
         "startColumn": 9,
         "endLine": 137,
         "endColumn": 62
      },
      "locationEnclosingFunc": {
         "projectName": "Mermade-openapi-webconverter",
         "path": "api.js",
         "startLine": 132,
         "startColumn": 1,
         "endLine": 137,
         "endColumn": 62
      }
   },
   {
      "location": {
         "projectName": "Mermade-openapi-webconverter",
         "path": "api.js",
         "startLine": 194,
         "startColumn": 10,
         "endLine": 194,
         "endColumn": 27
      },
      "repr": "(parameter 0 (member post *))",
      "score": 0.7249930948019028,
      "snippet": {
         "beforeLines": [
            "    validate(req,res,true);",
            "});",
            ""
         ],
         "before": "app.post(",
         "highlight": "'/api/v1/validate'",
         "afterLines": [
            "    status.validations++;",
            "    var result = {};",
            "    result.status = false;"
         ],
         "after": ", upload.single('filename'), async function(req,res){"
      },
      "reach": false,
      "locationEnclosingStm": {
         "projectName": "Mermade-openapi-webconverter",
         "path": "api.js",
         "startLine": 194,
         "startColumn": 1,
         "endLine": 220,
         "endColumn": 3
      },
      "locationEnclosingFunc": {
         "projectName": "Mermade-openapi-webconverter",
         "path": "api.js",
         "startLine": 1,
         "startColumn": 1,
         "endLine": 220,
         "endColumn": 3
      }
   },
   {
      "location": {
         "projectName": "Mermade-openapi-webconverter",
         "path": "api.js",
         "startLine": 280,
         "startColumn": 10,
         "endLine": 280,
         "endColumn": 26
      },
      "repr": "(parameter 0 (member post *))",
      "score": 0.7257749289274216,
      "snippet": {
         "beforeLines": [
            "    sendObj(res,payload,result);",
            "}",
            ""
         ],
         "before": "app.post(",
         "highlight": "'/api/v1/convert'",
         "afterLines": [
            "    status.conversions++;",
            "    var result = {};",
            "    result.status = false;"
         ],
         "after": ", upload.single('filename'), function(req,res) {"
      },
      "reach": false,
      "locationEnclosingStm": {
         "projectName": "Mermade-openapi-webconverter",
         "path": "api.js",
         "startLine": 280,
         "startColumn": 1,
         "endLine": 333,
         "endColumn": 3
      },
      "locationEnclosingFunc": {
         "projectName": "Mermade-openapi-webconverter",
         "path": "api.js",
         "startLine": 1,
         "startColumn": 1,
         "endLine": 333,
         "endColumn": 3
      }
   },
   {
      "location": {
         "projectName": "Mermade-openapi-webconverter",
         "path": "index.js",
         "startLine": 16,
         "startColumn": 65,
         "endLine": 16,
         "endColumn": 76
      },
      "repr": "(parameter 1 (member join *))",
      "score": 0.54080730676651,
      "snippet": {
         "beforeLines": [
            "app.set('view engine', 'html');",
            "app.engine('html', ejs.renderFile);",
            ""
         ],
         "before": "app.get('/', function(req,res) { res.render(path.join(__dirname,",
         "highlight": "'index.html'",
         "afterLines": [
            "app.get('*.html', function(req,res) { res.render(path.join(__dirname,req.path,status)) });",
            "app.use(\"/examples/\",  express.static(path.join(__dirname,'examples')));",
            ""
         ],
         "after": "),status) });"
      },
      "reach": false,
      "locationEnclosingStm": {
         "projectName": "Mermade-openapi-webconverter",
         "path": "index.js",
         "startLine": 16,
         "startColumn": 34,
         "endLine": 16,
         "endColumn": 85
      },
      "locationEnclosingFunc": {
         "projectName": "Mermade-openapi-webconverter",
         "path": "index.js",
         "startLine": 16,
         "startColumn": 14,
         "endLine": 16,
         "endColumn": 85
      }
   },
   {
      "location": {
         "projectName": "Mermade-openapi-webconverter",
         "path": "index.js",
         "startLine": 16,
         "startColumn": 79,
         "endLine": 16,
         "endColumn": 84
      },
      "repr": "(parameter 1 (member render *))",
      "score": 0.6010223563336762,
      "snippet": {
         "beforeLines": [
            "app.set('view engine', 'html');",
            "app.engine('html', ejs.renderFile);",
            ""
         ],
         "before": "app.get('/', function(req,res) { res.render(path.join(__dirname,'index.html'),",
         "highlight": "status",
         "afterLines": [
            "app.get('*.html', function(req,res) { res.render(path.join(__dirname,req.path,status)) });",
            "app.use(\"/examples/\",  express.static(path.join(__dirname,'examples')));",
            ""
         ],
         "after": ") });"
      },
      "reach": false,
      "locationEnclosingStm": {
         "projectName": "Mermade-openapi-webconverter",
         "path": "index.js",
         "startLine": 16,
         "startColumn": 34,
         "endLine": 16,
         "endColumn": 85
      },
      "locationEnclosingFunc": {
         "projectName": "Mermade-openapi-webconverter",
         "path": "index.js",
         "startLine": 16,
         "startColumn": 14,
         "endLine": 16,
         "endColumn": 85
      }
   },
   {
      "location": {
         "projectName": "Mermade-openapi-webconverter",
         "path": "index.js",
         "startLine": 17,
         "startColumn": 70,
         "endLine": 17,
         "endColumn": 77
      },
      "repr": "(parameter 1 (member join *))",
      "score": 0.5435968041419983,
      "snippet": {
         "beforeLines": [
            "app.engine('html', ejs.renderFile);",
            "",
            "app.get('/', function(req,res) { res.render(path.join(__dirname,'index.html'),status) });"
         ],
         "before": "app.get('*.html', function(req,res) { res.render(path.join(__dirname,",
         "highlight": "req.path",
         "afterLines": [
            "app.use(\"/examples/\",  express.static(path.join(__dirname,'examples')));",
            "",
            "app.use(\"/\",  express.static(__dirname));"
         ],
         "after": ",status)) });"
      },
      "reach": false,
      "locationEnclosingStm": {
         "projectName": "Mermade-openapi-webconverter",
         "path": "index.js",
         "startLine": 17,
         "startColumn": 39,
         "endLine": 17,
         "endColumn": 86
      },
      "locationEnclosingFunc": {
         "projectName": "Mermade-openapi-webconverter",
         "path": "index.js",
         "startLine": 17,
         "startColumn": 19,
         "endLine": 17,
         "endColumn": 86
      }
   },
   {
      "location": {
         "projectName": "Mermade-openapi-webconverter",
         "path": "index.js",
         "startLine": 18,
         "startColumn": 59,
         "endLine": 18,
         "endColumn": 68
      },
      "repr": "(parameter 1 (member join *))",
      "score": 0.553521454334259,
      "snippet": {
         "beforeLines": [
            "",
            "app.get('/', function(req,res) { res.render(path.join(__dirname,'index.html'),status) });",
            "app.get('*.html', function(req,res) { res.render(path.join(__dirname,req.path,status)) });"
         ],
         "before": "app.use(\"/examples/\",  express.static(path.join(__dirname,",
         "highlight": "'examples'",
         "afterLines": [
            "",
            "app.use(\"/\",  express.static(__dirname));",
            ""
         ],
         "after": ")));"
      },
      "reach": false,
      "locationEnclosingStm": {
         "projectName": "Mermade-openapi-webconverter",
         "path": "index.js",
         "startLine": 18,
         "startColumn": 1,
         "endLine": 18,
         "endColumn": 72
      },
      "locationEnclosingFunc": {
         "projectName": "Mermade-openapi-webconverter",
         "path": "index.js",
         "startLine": 1,
         "startColumn": 1,
         "endLine": 18,
         "endColumn": 72
      }
   }
]