[
   {
      "location": {
         "projectName": "gnachman-iTerm2",
         "path": "tests/websocket/server.js",
         "startLine": 17,
         "startColumn": 45,
         "endLine": 17,
         "endColumn": 49
      },
      "repr": "(parameter 1 (member join *))",
      "score": 0.5389402955770493,
      "snippet": {
         "beforeLines": [
            "];",
            "for (var i=0, dep, data; i<deps.length; i++) {",
            "    dep = deps[i];"
         ],
         "before": "    if (!fs.existsSync(path.join(__dirname, ",
         "highlight": "\"www\"",
         "afterLines": [
            "        console.log(\"Copying \"+dep[0]+\" from \"+dep[1]);",
            "        try {",
            "            fs.writeFileSync(path.join(__dirname, \"www\", dep[0]), fs.readFileSync(path.join(__dirnam..."
         ],
         "after": ", dep[0]))) {"
      },
      "reach": false,
      "locationEnclosingStm": {
         "projectName": "gnachman-iTerm2",
         "path": "tests/websocket/server.js",
         "startLine": 17,
         "startColumn": 5,
         "endLine": 26,
         "endColumn": 5
      },
      "locationEnclosingFunc": {
         "projectName": "gnachman-iTerm2",
         "path": "tests/websocket/server.js",
         "startLine": 1,
         "startColumn": 1,
         "endLine": 26,
         "endColumn": 5
      }
   },
   {
      "location": {
         "projectName": "gnachman-iTerm2",
         "path": "tests/websocket/server.js",
         "startLine": 20,
         "startColumn": 51,
         "endLine": 20,
         "endColumn": 55
      },
      "repr": "(parameter 1 (member join *))",
      "score": 0.5597271919250488,
      "snippet": {
         "beforeLines": [
            "    if (!fs.existsSync(path.join(__dirname, \"www\", dep[0]))) {",
            "        console.log(\"Copying \"+dep[0]+\" from \"+dep[1]);",
            "        try {"
         ],
         "before": "            fs.writeFileSync(path.join(__dirname, ",
         "highlight": "\"www\"",
         "afterLines": [
            "        } catch (err) {",
            "            console.log(\"Copying failed: \"+err.message);",
            "            console.log(\"\\nDid you run `npm install` ?\");"
         ],
         "after": ", dep[0]), fs.readFileSync(path.join(__dirname, dep[1])));"
      },
      "reach": false,
      "locationEnclosingStm": {
         "projectName": "gnachman-iTerm2",
         "path": "tests/websocket/server.js",
         "startLine": 20,
         "startColumn": 13,
         "endLine": 20,
         "endColumn": 113
      },
      "locationEnclosingFunc": {
         "projectName": "gnachman-iTerm2",
         "path": "tests/websocket/server.js",
         "startLine": 1,
         "startColumn": 1,
         "endLine": 20,
         "endColumn": 113
      }
   },
   {
      "location": {
         "projectName": "gnachman-iTerm2",
         "path": "tests/websocket/server.js",
         "startLine": 20,
         "startColumn": 104,
         "endLine": 20,
         "endColumn": 109
      },
      "repr": "(parameter 1 (member join *))",
      "score": 0.5597271919250488,
      "snippet": {
         "beforeLines": [
            "    if (!fs.existsSync(path.join(__dirname, \"www\", dep[0]))) {",
            "        console.log(\"Copying \"+dep[0]+\" from \"+dep[1]);",
            "        try {"
         ],
         "before": "            fs.writeFileSync(path.join(__dirname, \"www\", dep[0]), fs.readFileSync(path.join(__dirnam...",
         "highlight": "dep[1]",
         "afterLines": [
            "        } catch (err) {",
            "            console.log(\"Copying failed: \"+err.message);",
            "            console.log(\"\\nDid you run `npm install` ?\");"
         ],
         "after": ")));"
      },
      "reach": false,
      "locationEnclosingStm": {
         "projectName": "gnachman-iTerm2",
         "path": "tests/websocket/server.js",
         "startLine": 20,
         "startColumn": 13,
         "endLine": 20,
         "endColumn": 113
      },
      "locationEnclosingFunc": {
         "projectName": "gnachman-iTerm2",
         "path": "tests/websocket/server.js",
         "startLine": 1,
         "startColumn": 1,
         "endLine": 20,
         "endColumn": 113
      }
   },
   {
      "location": {
         "projectName": "gnachman-iTerm2",
         "path": "tests/websocket/server.js",
         "startLine": 30,
         "startColumn": 59,
         "endLine": 30,
         "endColumn": 63
      },
      "repr": "(parameter 1 (member join *))",
      "score": 0.5573558509349823,
      "snippet": {
         "beforeLines": [
            "}",
            "",
            "// Initialize from .proto file"
         ],
         "before": "var builder = ProtoBuf.loadProtoFile(path.join(__dirname, ",
         "highlight": "\"www\"",
         "afterLines": [
            "    Response = builder.build(\"Response\");",
            "",
            "// HTTP server"
         ],
         "after": ", \"api.proto\")),"
      },
      "reach": false,
      "locationEnclosingStm": {
         "projectName": "gnachman-iTerm2",
         "path": "tests/websocket/server.js",
         "startLine": 30,
         "startColumn": 1,
         "endLine": 31,
         "endColumn": 41
      },
      "locationEnclosingFunc": {
         "projectName": "gnachman-iTerm2",
         "path": "tests/websocket/server.js",
         "startLine": 1,
         "startColumn": 1,
         "endLine": 31,
         "endColumn": 41
      }
   },
   {
      "location": {
         "projectName": "gnachman-iTerm2",
         "path": "tests/websocket/server.js",
         "startLine": 46,
         "startColumn": 46,
         "endLine": 46,
         "endColumn": 50
      },
      "repr": "(parameter 1 (member join *))",
      "score": 0.46997159719467163,
      "snippet": {
         "beforeLines": [
            "            }",
            "        }",
            "        if (file) {"
         ],
         "before": "            fs.readFile(path.join(__dirname, ",
         "highlight": "\"www\"",
         "afterLines": [
            "                if (err) {",
            "                    res.writeHead(500, {\"Content-Type\": type});",
            "                    res.end(\"Internal Server Error: \"+err);"
         ],
         "after": ", file), function(err, data) {"
      },
      "reach": false,
      "locationEnclosingStm": {
         "projectName": "gnachman-iTerm2",
         "path": "tests/websocket/server.js",
         "startLine": 46,
         "startColumn": 13,
         "endLine": 56,
         "endColumn": 15
      },
      "locationEnclosingFunc": {
         "projectName": "gnachman-iTerm2",
         "path": "tests/websocket/server.js",
         "startLine": 34,
         "startColumn": 32,
         "endLine": 56,
         "endColumn": 15
      }
   }
]