[
   {
      "location": {
         "projectName": "krishnaji-web3-server",
         "path": "src/controllers/contract.ts",
         "startLine": 22,
         "startColumn": 14,
         "endLine": 22,
         "endColumn": 22
      },
      "repr": "(parameter 0 (member json *))",
      "score": 0.6685872412023255,
      "snippet": {
         "beforeLines": [
            "    const eth = await Eth.create(this.settings);",
            "    const available = await eth.getPredefinedContractList();",
            ""
         ],
         "before": "    res.json(",
         "highlight": "available",
         "afterLines": [
            "  }",
            "",
            "  /**"
         ],
         "after": ");"
      },
      "reach": false,
      "locationEnclosingStm": {
         "projectName": "krishnaji-web3-server",
         "path": "src/controllers/contract.ts",
         "startLine": 22,
         "startColumn": 5,
         "endLine": 22,
         "endColumn": 24
      },
      "locationEnclosingFunc": {
         "projectName": "krishnaji-web3-server",
         "path": "src/controllers/contract.ts",
         "startLine": 18,
         "startColumn": 10,
         "endLine": 22,
         "endColumn": 24
      }
   },
   {
      "location": {
         "projectName": "krishnaji-web3-server",
         "path": "src/controllers/contract.ts",
         "startLine": 42,
         "startColumn": 14,
         "endLine": 42,
         "endColumn": 21
      },
      "repr": "(parameter 0 (member json *))",
      "score": 0.6709582245645234,
      "snippet": {
         "beforeLines": [
            "      return res.status(404).send('Not found');",
            "    }",
            ""
         ],
         "before": "    res.json(",
         "highlight": "contract",
         "afterLines": [
            "  }",
            "",
            "  /**"
         ],
         "after": ");"
      },
      "reach": false,
      "locationEnclosingStm": {
         "projectName": "krishnaji-web3-server",
         "path": "src/controllers/contract.ts",
         "startLine": 42,
         "startColumn": 5,
         "endLine": 42,
         "endColumn": 23
      },
      "locationEnclosingFunc": {
         "projectName": "krishnaji-web3-server",
         "path": "src/controllers/contract.ts",
         "startLine": 29,
         "startColumn": 9,
         "endLine": 42,
         "endColumn": 23
      }
   },
   {
      "location": {
         "projectName": "krishnaji-web3-server",
         "path": "src/controllers/contract.ts",
         "startLine": 88,
         "startColumn": 14,
         "endLine": 88,
         "endColumn": 19
      },
      "repr": "(parameter 0 (member json *))",
      "score": 0.6788101083335587,
      "snippet": {
         "beforeLines": [
            "      return res.status(202).send('Request is deferred');",
            "    }",
            ""
         ],
         "before": "    res.json(",
         "highlight": "result",
         "afterLines": [
            "  }",
            "}",
            ""
         ],
         "after": ");"
      },
      "reach": false,
      "locationEnclosingStm": {
         "projectName": "krishnaji-web3-server",
         "path": "src/controllers/contract.ts",
         "startLine": 88,
         "startColumn": 5,
         "endLine": 88,
         "endColumn": 21
      },
      "locationEnclosingFunc": {
         "projectName": "krishnaji-web3-server",
         "path": "src/controllers/contract.ts",
         "startLine": 49,
         "startColumn": 12,
         "endLine": 88,
         "endColumn": 21
      }
   },
   {
      "location": {
         "projectName": "krishnaji-web3-server",
         "path": "src/libs/app.ts",
         "startLine": 25,
         "startColumn": 14,
         "endLine": 25,
         "endColumn": 35
      },
      "repr": "(parameter 1 (member get *))",
      "score": 0.5822022706270218,
      "snippet": {
         "beforeLines": [
            "app.use(expressValidator());",
            "",
            "// routes"
         ],
         "before": "app.get('/', ",
         "highlight": "defaultController.info",
         "afterLines": [
            "app.get('/eth', ethController.info);",
            "app.get('/eth/contracts', contractController.list);",
            "app.get('/eth/contracts/:id', contractController.get);"
         ],
         "after": ");"
      },
      "reach": false,
      "locationEnclosingStm": {
         "projectName": "krishnaji-web3-server",
         "path": "src/libs/app.ts",
         "startLine": 25,
         "startColumn": 1,
         "endLine": 25,
         "endColumn": 37
      },
      "locationEnclosingFunc": {
         "projectName": "krishnaji-web3-server",
         "path": "src/libs/app.ts",
         "startLine": 2,
         "startColumn": 1,
         "endLine": 25,
         "endColumn": 37
      }
   },
   {
      "location": {
         "projectName": "krishnaji-web3-server",
         "path": "src/libs/app.ts",
         "startLine": 26,
         "startColumn": 17,
         "endLine": 26,
         "endColumn": 34
      },
      "repr": "(parameter 1 (member get *))",
      "score": 0.5818920880556107,
      "snippet": {
         "beforeLines": [
            "",
            "// routes",
            "app.get('/', defaultController.info);"
         ],
         "before": "app.get('/eth', ",
         "highlight": "ethController.info",
         "afterLines": [
            "app.get('/eth/contracts', contractController.list);",
            "app.get('/eth/contracts/:id', contractController.get);",
            "app.post('/eth/contracts/:id', contractController.invoke);"
         ],
         "after": ");"
      },
      "reach": false,
      "locationEnclosingStm": {
         "projectName": "krishnaji-web3-server",
         "path": "src/libs/app.ts",
         "startLine": 26,
         "startColumn": 1,
         "endLine": 26,
         "endColumn": 36
      },
      "locationEnclosingFunc": {
         "projectName": "krishnaji-web3-server",
         "path": "src/libs/app.ts",
         "startLine": 2,
         "startColumn": 1,
         "endLine": 26,
         "endColumn": 36
      }
   },
   {
      "location": {
         "projectName": "krishnaji-web3-server",
         "path": "src/libs/app.ts",
         "startLine": 27,
         "startColumn": 27,
         "endLine": 27,
         "endColumn": 49
      },
      "repr": "(parameter 1 (member get *))",
      "score": 0.5823385566473007,
      "snippet": {
         "beforeLines": [
            "// routes",
            "app.get('/', defaultController.info);",
            "app.get('/eth', ethController.info);"
         ],
         "before": "app.get('/eth/contracts', ",
         "highlight": "contractController.list",
         "afterLines": [
            "app.get('/eth/contracts/:id', contractController.get);",
            "app.post('/eth/contracts/:id', contractController.invoke);",
            ""
         ],
         "after": ");"
      },
      "reach": false,
      "locationEnclosingStm": {
         "projectName": "krishnaji-web3-server",
         "path": "src/libs/app.ts",
         "startLine": 27,
         "startColumn": 1,
         "endLine": 27,
         "endColumn": 51
      },
      "locationEnclosingFunc": {
         "projectName": "krishnaji-web3-server",
         "path": "src/libs/app.ts",
         "startLine": 2,
         "startColumn": 1,
         "endLine": 27,
         "endColumn": 51
      }
   },
   {
      "location": {
         "projectName": "krishnaji-web3-server",
         "path": "src/libs/app.ts",
         "startLine": 28,
         "startColumn": 31,
         "endLine": 28,
         "endColumn": 52
      },
      "repr": "(parameter 1 (member get *))",
      "score": 0.5832545906305313,
      "snippet": {
         "beforeLines": [
            "app.get('/', defaultController.info);",
            "app.get('/eth', ethController.info);",
            "app.get('/eth/contracts', contractController.list);"
         ],
         "before": "app.get('/eth/contracts/:id', ",
         "highlight": "contractController.get",
         "afterLines": [
            "app.post('/eth/contracts/:id', contractController.invoke);",
            "",
            "// error handler"
         ],
         "after": ");"
      },
      "reach": false,
      "locationEnclosingStm": {
         "projectName": "krishnaji-web3-server",
         "path": "src/libs/app.ts",
         "startLine": 28,
         "startColumn": 1,
         "endLine": 28,
         "endColumn": 54
      },
      "locationEnclosingFunc": {
         "projectName": "krishnaji-web3-server",
         "path": "src/libs/app.ts",
         "startLine": 2,
         "startColumn": 1,
         "endLine": 28,
         "endColumn": 54
      }
   },
   {
      "location": {
         "projectName": "krishnaji-web3-server",
         "path": "src/libs/app.ts",
         "startLine": 29,
         "startColumn": 10,
         "endLine": 29,
         "endColumn": 29
      },
      "repr": "(parameter 0 (member post *))",
      "score": 0.6871086955070496,
      "snippet": {
         "beforeLines": [
            "app.get('/eth', ethController.info);",
            "app.get('/eth/contracts', contractController.list);",
            "app.get('/eth/contracts/:id', contractController.get);"
         ],
         "before": "app.post(",
         "highlight": "'/eth/contracts/:id'",
         "afterLines": [
            "",
            "// error handler",
            "app.use(errorHandler());"
         ],
         "after": ", contractController.invoke);"
      },
      "reach": false,
      "locationEnclosingStm": {
         "projectName": "krishnaji-web3-server",
         "path": "src/libs/app.ts",
         "startLine": 29,
         "startColumn": 1,
         "endLine": 29,
         "endColumn": 58
      },
      "locationEnclosingFunc": {
         "projectName": "krishnaji-web3-server",
         "path": "src/libs/app.ts",
         "startLine": 2,
         "startColumn": 1,
         "endLine": 29,
         "endColumn": 58
      }
   },
   {
      "location": {
         "projectName": "krishnaji-web3-server",
         "path": "test/api/contract.ts",
         "startLine": 50,
         "startColumn": 42,
         "endLine": 50,
         "endColumn": 69
      },
      "repr": "(parameter 0 (member post *))",
      "score": 0.7074506878852844,
      "snippet": {
         "beforeLines": [
            "    const payload = {",
            "      params: []",
            "    };"
         ],
         "before": "    const response = await this.api.post(",
         "highlight": "'/eth/contracts/example.sol'",
         "afterLines": [
            "    expect(response.status).toBe(200);",
            "    expect(response.header['content-type']).toMatch(/json/);",
            "    expect(response.body).toHaveProperty('from');"
         ],
         "after": ").send(payload);"
      },
      "reach": false,
      "locationEnclosingStm": {
         "projectName": "krishnaji-web3-server",
         "path": "test/api/contract.ts",
         "startLine": 50,
         "startColumn": 5,
         "endLine": 50,
         "endColumn": 85
      },
      "locationEnclosingFunc": {
         "projectName": "krishnaji-web3-server",
         "path": "test/api/contract.ts",
         "startLine": 46,
         "startColumn": 3,
         "endLine": 50,
         "endColumn": 85
      }
   },
   {
      "location": {
         "projectName": "krishnaji-web3-server",
         "path": "test/api/contract.ts",
         "startLine": 50,
         "startColumn": 77,
         "endLine": 50,
         "endColumn": 83
      },
      "repr": "(parameter 0 (member send *))",
      "score": 0.6804815577583527,
      "snippet": {
         "beforeLines": [
            "    const payload = {",
            "      params: []",
            "    };"
         ],
         "before": "    const response = await this.api.post('/eth/contracts/example.sol').send(",
         "highlight": "payload",
         "afterLines": [
            "    expect(response.status).toBe(200);",
            "    expect(response.header['content-type']).toMatch(/json/);",
            "    expect(response.body).toHaveProperty('from');"
         ],
         "after": ");"
      },
      "reach": false,
      "locationEnclosingStm": {
         "projectName": "krishnaji-web3-server",
         "path": "test/api/contract.ts",
         "startLine": 50,
         "startColumn": 5,
         "endLine": 50,
         "endColumn": 85
      },
      "locationEnclosingFunc": {
         "projectName": "krishnaji-web3-server",
         "path": "test/api/contract.ts",
         "startLine": 46,
         "startColumn": 3,
         "endLine": 50,
         "endColumn": 85
      }
   },
   {
      "location": {
         "projectName": "krishnaji-web3-server",
         "path": "test/api/contract.ts",
         "startLine": 64,
         "startColumn": 42,
         "endLine": 64,
         "endColumn": 69
      },
      "repr": "(parameter 0 (member post *))",
      "score": 0.7086998075246811,
      "snippet": {
         "beforeLines": [
            "      params: [],",
            "      callback_url: 'http://example.com'",
            "    };"
         ],
         "before": "    const response = await this.api.post(",
         "highlight": "'/eth/contracts/example.sol'",
         "afterLines": [
            "    expect(response.status).toBe(202);",
            "  }",
            ""
         ],
         "after": ").send(payload);"
      },
      "reach": false,
      "locationEnclosingStm": {
         "projectName": "krishnaji-web3-server",
         "path": "test/api/contract.ts",
         "startLine": 64,
         "startColumn": 5,
         "endLine": 64,
         "endColumn": 85
      },
      "locationEnclosingFunc": {
         "projectName": "krishnaji-web3-server",
         "path": "test/api/contract.ts",
         "startLine": 59,
         "startColumn": 3,
         "endLine": 64,
         "endColumn": 85
      }
   },
   {
      "location": {
         "projectName": "krishnaji-web3-server",
         "path": "test/api/contract.ts",
         "startLine": 64,
         "startColumn": 77,
         "endLine": 64,
         "endColumn": 83
      },
      "repr": "(parameter 0 (member send *))",
      "score": 0.6801504539566254,
      "snippet": {
         "beforeLines": [
            "      params: [],",
            "      callback_url: 'http://example.com'",
            "    };"
         ],
         "before": "    const response = await this.api.post('/eth/contracts/example.sol').send(",
         "highlight": "payload",
         "afterLines": [
            "    expect(response.status).toBe(202);",
            "  }",
            ""
         ],
         "after": ");"
      },
      "reach": false,
      "locationEnclosingStm": {
         "projectName": "krishnaji-web3-server",
         "path": "test/api/contract.ts",
         "startLine": 64,
         "startColumn": 5,
         "endLine": 64,
         "endColumn": 85
      },
      "locationEnclosingFunc": {
         "projectName": "krishnaji-web3-server",
         "path": "test/api/contract.ts",
         "startLine": 59,
         "startColumn": 3,
         "endLine": 64,
         "endColumn": 85
      }
   },
   {
      "location": {
         "projectName": "krishnaji-web3-server",
         "path": "test/api/contract.ts",
         "startLine": 74,
         "startColumn": 42,
         "endLine": 74,
         "endColumn": 69
      },
      "repr": "(parameter 0 (member post *))",
      "score": 0.7045789211988449,
      "snippet": {
         "beforeLines": [
            "      params: [ 1234 ],",
            "      address: '0x73d5495e014e59e78ca44a62f9032107b9a5c880'",
            "    };"
         ],
         "before": "    const response = await this.api.post(",
         "highlight": "'/eth/contracts/example.sol'",
         "afterLines": [
            "    expect(response.status).toBe(200);",
            "    expect(response.header['content-type']).toMatch(/json/);",
            "    expect(response.body).toHaveProperty('from');"
         ],
         "after": ").send(payload);"
      },
      "reach": false,
      "locationEnclosingStm": {
         "projectName": "krishnaji-web3-server",
         "path": "test/api/contract.ts",
         "startLine": 74,
         "startColumn": 5,
         "endLine": 74,
         "endColumn": 85
      },
      "locationEnclosingFunc": {
         "projectName": "krishnaji-web3-server",
         "path": "test/api/contract.ts",
         "startLine": 68,
         "startColumn": 3,
         "endLine": 74,
         "endColumn": 85
      }
   },
   {
      "location": {
         "projectName": "krishnaji-web3-server",
         "path": "test/api/contract.ts",
         "startLine": 74,
         "startColumn": 77,
         "endLine": 74,
         "endColumn": 83
      },
      "repr": "(parameter 0 (member send *))",
      "score": 0.6756752627210831,
      "snippet": {
         "beforeLines": [
            "      params: [ 1234 ],",
            "      address: '0x73d5495e014e59e78ca44a62f9032107b9a5c880'",
            "    };"
         ],
         "before": "    const response = await this.api.post('/eth/contracts/example.sol').send(",
         "highlight": "payload",
         "afterLines": [
            "    expect(response.status).toBe(200);",
            "    expect(response.header['content-type']).toMatch(/json/);",
            "    expect(response.body).toHaveProperty('from');"
         ],
         "after": ");"
      },
      "reach": false,
      "locationEnclosingStm": {
         "projectName": "krishnaji-web3-server",
         "path": "test/api/contract.ts",
         "startLine": 74,
         "startColumn": 5,
         "endLine": 74,
         "endColumn": 85
      },
      "locationEnclosingFunc": {
         "projectName": "krishnaji-web3-server",
         "path": "test/api/contract.ts",
         "startLine": 68,
         "startColumn": 3,
         "endLine": 74,
         "endColumn": 85
      }
   },
   {
      "location": {
         "projectName": "krishnaji-web3-server",
         "path": "test/api/contract.ts",
         "startLine": 90,
         "startColumn": 42,
         "endLine": 90,
         "endColumn": 69
      },
      "repr": "(parameter 0 (member post *))",
      "score": 0.7056153863668442,
      "snippet": {
         "beforeLines": [
            "      address: '0x73d5495e014e59e78ca44a62f9032107b9a5c880',",
            "      callback_url: 'http://example.com'",
            "    };"
         ],
         "before": "    const response = await this.api.post(",
         "highlight": "'/eth/contracts/example.sol'",
         "afterLines": [
            "    expect(response.status).toBe(202);",
            "  }",
            ""
         ],
         "after": ").send(payload);"
      },
      "reach": false,
      "locationEnclosingStm": {
         "projectName": "krishnaji-web3-server",
         "path": "test/api/contract.ts",
         "startLine": 90,
         "startColumn": 5,
         "endLine": 90,
         "endColumn": 85
      },
      "locationEnclosingFunc": {
         "projectName": "krishnaji-web3-server",
         "path": "test/api/contract.ts",
         "startLine": 83,
         "startColumn": 3,
         "endLine": 90,
         "endColumn": 85
      }
   },
   {
      "location": {
         "projectName": "krishnaji-web3-server",
         "path": "test/api/contract.ts",
         "startLine": 90,
         "startColumn": 77,
         "endLine": 90,
         "endColumn": 83
      },
      "repr": "(parameter 0 (member send *))",
      "score": 0.6774248080568528,
      "snippet": {
         "beforeLines": [
            "      address: '0x73d5495e014e59e78ca44a62f9032107b9a5c880',",
            "      callback_url: 'http://example.com'",
            "    };"
         ],
         "before": "    const response = await this.api.post('/eth/contracts/example.sol').send(",
         "highlight": "payload",
         "afterLines": [
            "    expect(response.status).toBe(202);",
            "  }",
            ""
         ],
         "after": ");"
      },
      "reach": false,
      "locationEnclosingStm": {
         "projectName": "krishnaji-web3-server",
         "path": "test/api/contract.ts",
         "startLine": 90,
         "startColumn": 5,
         "endLine": 90,
         "endColumn": 85
      },
      "locationEnclosingFunc": {
         "projectName": "krishnaji-web3-server",
         "path": "test/api/contract.ts",
         "startLine": 83,
         "startColumn": 3,
         "endLine": 90,
         "endColumn": 85
      }
   },
   {
      "location": {
         "projectName": "krishnaji-web3-server",
         "path": "test/api/contract.ts",
         "startLine": 100,
         "startColumn": 42,
         "endLine": 100,
         "endColumn": 69
      },
      "repr": "(parameter 0 (member post *))",
      "score": 0.7050860673189163,
      "snippet": {
         "beforeLines": [
            "      params: [ 'it expects int' ],",
            "      address: '0x73d5495e014e59e78ca44a62f9032107b9a5c880'",
            "    };"
         ],
         "before": "    const response = await this.api.post(",
         "highlight": "'/eth/contracts/example.sol'",
         "afterLines": [
            "    expect(response.status).toBe(400);",
            "  }",
            ""
         ],
         "after": ").send(payload);"
      },
      "reach": false,
      "locationEnclosingStm": {
         "projectName": "krishnaji-web3-server",
         "path": "test/api/contract.ts",
         "startLine": 100,
         "startColumn": 5,
         "endLine": 100,
         "endColumn": 85
      },
      "locationEnclosingFunc": {
         "projectName": "krishnaji-web3-server",
         "path": "test/api/contract.ts",
         "startLine": 94,
         "startColumn": 3,
         "endLine": 100,
         "endColumn": 85
      }
   },
   {
      "location": {
         "projectName": "krishnaji-web3-server",
         "path": "test/api/contract.ts",
         "startLine": 100,
         "startColumn": 77,
         "endLine": 100,
         "endColumn": 83
      },
      "repr": "(parameter 0 (member send *))",
      "score": 0.6758211152868485,
      "snippet": {
         "beforeLines": [
            "      params: [ 'it expects int' ],",
            "      address: '0x73d5495e014e59e78ca44a62f9032107b9a5c880'",
            "    };"
         ],
         "before": "    const response = await this.api.post('/eth/contracts/example.sol').send(",
         "highlight": "payload",
         "afterLines": [
            "    expect(response.status).toBe(400);",
            "  }",
            ""
         ],
         "after": ");"
      },
      "reach": false,
      "locationEnclosingStm": {
         "projectName": "krishnaji-web3-server",
         "path": "test/api/contract.ts",
         "startLine": 100,
         "startColumn": 5,
         "endLine": 100,
         "endColumn": 85
      },
      "locationEnclosingFunc": {
         "projectName": "krishnaji-web3-server",
         "path": "test/api/contract.ts",
         "startLine": 94,
         "startColumn": 3,
         "endLine": 100,
         "endColumn": 85
      }
   },
   {
      "location": {
         "projectName": "krishnaji-web3-server",
         "path": "test/api/contract.ts",
         "startLine": 106,
         "startColumn": 42,
         "endLine": 106,
         "endColumn": 65
      },
      "repr": "(parameter 0 (member post *))",
      "score": 0.7049839049577713,
      "snippet": {
         "beforeLines": [
            "",
            "  async testPostContractNotFound () {",
            "    const payload = {};"
         ],
         "before": "    const response = await this.api.post(",
         "highlight": "'/eth/contracts/foo.sol'",
         "afterLines": [
            "    expect(response.status).toBe(404);",
            "  }",
            "}"
         ],
         "after": ").send(payload);"
      },
      "reach": false,
      "locationEnclosingStm": {
         "projectName": "krishnaji-web3-server",
         "path": "test/api/contract.ts",
         "startLine": 106,
         "startColumn": 5,
         "endLine": 106,
         "endColumn": 81
      },
      "locationEnclosingFunc": {
         "projectName": "krishnaji-web3-server",
         "path": "test/api/contract.ts",
         "startLine": 104,
         "startColumn": 3,
         "endLine": 106,
         "endColumn": 81
      }
   },
   {
      "location": {
         "projectName": "krishnaji-web3-server",
         "path": "test/api/contract.ts",
         "startLine": 106,
         "startColumn": 73,
         "endLine": 106,
         "endColumn": 79
      },
      "repr": "(parameter 0 (member send *))",
      "score": 0.6704956637935853,
      "snippet": {
         "beforeLines": [
            "",
            "  async testPostContractNotFound () {",
            "    const payload = {};"
         ],
         "before": "    const response = await this.api.post('/eth/contracts/foo.sol').send(",
         "highlight": "payload",
         "afterLines": [
            "    expect(response.status).toBe(404);",
            "  }",
            "}"
         ],
         "after": ");"
      },
      "reach": false,
      "locationEnclosingStm": {
         "projectName": "krishnaji-web3-server",
         "path": "test/api/contract.ts",
         "startLine": 106,
         "startColumn": 5,
         "endLine": 106,
         "endColumn": 81
      },
      "locationEnclosingFunc": {
         "projectName": "krishnaji-web3-server",
         "path": "test/api/contract.ts",
         "startLine": 104,
         "startColumn": 3,
         "endLine": 106,
         "endColumn": 81
      }
   }
]