[
   {
      "location": {
         "projectName": "coding-blocks-online-judge",
         "path": "app.js",
         "startLine": 27,
         "startColumn": 39,
         "endLine": 27,
         "endColumn": 45
      },
      "repr": "(parameter 1 (member join *))",
      "score": 0.5501310676336288,
      "snippet": {
         "beforeLines": [
            "var app = express();",
            "",
            "// view engine setup"
         ],
         "before": "app.set('views', path.join(__dirname, ",
         "highlight": "'views'",
         "afterLines": [
            "app.set('view engine', 'ejs');",
            "",
            "// uncomment after placing your favicon in /public"
         ],
         "after": "));"
      },
      "reach": false,
      "locationEnclosingStm": {
         "projectName": "coding-blocks-online-judge",
         "path": "app.js",
         "startLine": 27,
         "startColumn": 1,
         "endLine": 27,
         "endColumn": 48
      },
      "locationEnclosingFunc": {
         "projectName": "coding-blocks-online-judge",
         "path": "app.js",
         "startLine": 1,
         "startColumn": 1,
         "endLine": 27,
         "endColumn": 48
      }
   },
   {
      "location": {
         "projectName": "coding-blocks-online-judge",
         "path": "app.js",
         "startLine": 38,
         "startColumn": 45,
         "endLine": 38,
         "endColumn": 52
      },
      "repr": "(parameter 1 (member join *))",
      "score": 0.5452393144369125,
      "snippet": {
         "beforeLines": [
            "app.use(cookieParser());",
            "app.use(session({resave: true, saveUninitialized: true, secret: 'codeyourway', cookie: { maxAge: 600...",
            "app.use(fileUpload());"
         ],
         "before": "app.use(express.static(path.join(__dirname, ",
         "highlight": "'public'",
         "afterLines": [
            "",
            "app.use('/', routes);",
            "app.use('/api', api);"
         ],
         "after": ")));"
      },
      "reach": false,
      "locationEnclosingStm": {
         "projectName": "coding-blocks-online-judge",
         "path": "app.js",
         "startLine": 38,
         "startColumn": 1,
         "endLine": 38,
         "endColumn": 56
      },
      "locationEnclosingFunc": {
         "projectName": "coding-blocks-online-judge",
         "path": "app.js",
         "startLine": 1,
         "startColumn": 1,
         "endLine": 38,
         "endColumn": 56
      }
   },
   {
      "location": {
         "projectName": "coding-blocks-online-judge",
         "path": "app.js",
         "startLine": 47,
         "startColumn": 8,
         "endLine": 47,
         "endColumn": 10
      },
      "repr": "(parameter 0 (parameter next (parameter 0 (member use *))))",
      "score": 0.0037313433,
      "snippet": {
         "beforeLines": [
            "app.use(function(req, res, next) {",
            "  var err = new Error('Not Found');",
            "  err.status = 404;"
         ],
         "before": "  next(",
         "highlight": "err",
         "afterLines": [
            "});",
            "",
            "// error handlers"
         ],
         "after": ");"
      },
      "reach": false,
      "locationEnclosingStm": {
         "projectName": "coding-blocks-online-judge",
         "path": "app.js",
         "startLine": 47,
         "startColumn": 3,
         "endLine": 47,
         "endColumn": 12
      },
      "locationEnclosingFunc": {
         "projectName": "coding-blocks-online-judge",
         "path": "app.js",
         "startLine": 44,
         "startColumn": 9,
         "endLine": 47,
         "endColumn": 12
      }
   },
   {
      "location": {
         "projectName": "coding-blocks-online-judge",
         "path": "routes/api.js",
         "startLine": 10,
         "startColumn": 13,
         "endLine": 10,
         "endColumn": 21
      },
      "repr": "(parameter 0 (member post *))",
      "score": 0.7342379987239838,
      "snippet": {
         "beforeLines": [
            "var Submission = require('../models/Submission.js');",
            "var Scorer = require('../util/calc-score.js');",
            ""
         ],
         "before": "router.post(",
         "highlight": "'/signup'",
         "afterLines": [
            "    res.setHeader(\"Content-Type\", \"text/json\");",
            "    User.count({'username' : req.body.username}, function(err, count) {",
            "        if (err) return next(err);"
         ],
         "after": ", function(req, res, next) {"
      },
      "reach": false,
      "locationEnclosingStm": {
         "projectName": "coding-blocks-online-judge",
         "path": "routes/api.js",
         "startLine": 10,
         "startColumn": 1,
         "endLine": 30,
         "endColumn": 3
      },
      "locationEnclosingFunc": {
         "projectName": "coding-blocks-online-judge",
         "path": "routes/api.js",
         "startLine": 1,
         "startColumn": 1,
         "endLine": 30,
         "endColumn": 3
      }
   },
   {
      "location": {
         "projectName": "coding-blocks-online-judge",
         "path": "routes/api.js",
         "startLine": 11,
         "startColumn": 35,
         "endLine": 11,
         "endColumn": 45
      },
      "repr": "(parameter 1 (member setHeader *))",
      "score": 0.5827682018280029,
      "snippet": {
         "beforeLines": [
            "var Scorer = require('../util/calc-score.js');",
            "",
            "router.post('/signup', function(req, res, next) {"
         ],
         "before": "    res.setHeader(\"Content-Type\", ",
         "highlight": "\"text/json\"",
         "afterLines": [
            "    User.count({'username' : req.body.username}, function(err, count) {",
            "        if (err) return next(err);",
            "        if (count > 0) {"
         ],
         "after": ");"
      },
      "reach": false,
      "locationEnclosingStm": {
         "projectName": "coding-blocks-online-judge",
         "path": "routes/api.js",
         "startLine": 11,
         "startColumn": 5,
         "endLine": 11,
         "endColumn": 47
      },
      "locationEnclosingFunc": {
         "projectName": "coding-blocks-online-judge",
         "path": "routes/api.js",
         "startLine": 10,
         "startColumn": 24,
         "endLine": 11,
         "endColumn": 47
      }
   },
   {
      "location": {
         "projectName": "coding-blocks-online-judge",
         "path": "routes/api.js",
         "startLine": 23,
         "startColumn": 43,
         "endLine": 23,
         "endColumn": 53
      },
      "repr": "(parameter 1 (member setHeader *))",
      "score": 0.5835317373275757,
      "snippet": {
         "beforeLines": [
            "                console.log(\"Error = \" + err);",
            "                return next(err);",
            "            };"
         ],
         "before": "            res.setHeader(\"Content-Type\", ",
         "highlight": "\"text/json\"",
         "afterLines": [
            "            res.send(JSON.stringify({result: \"success\"}));",
            "        });",
            "    });"
         ],
         "after": ");"
      },
      "reach": false,
      "locationEnclosingStm": {
         "projectName": "coding-blocks-online-judge",
         "path": "routes/api.js",
         "startLine": 23,
         "startColumn": 13,
         "endLine": 23,
         "endColumn": 55
      },
      "locationEnclosingFunc": {
         "projectName": "coding-blocks-online-judge",
         "path": "routes/api.js",
         "startLine": 18,
         "startColumn": 31,
         "endLine": 23,
         "endColumn": 55
      }
   },
   {
      "location": {
         "projectName": "coding-blocks-online-judge",
         "path": "routes/api.js",
         "startLine": 32,
         "startColumn": 13,
         "endLine": 32,
         "endColumn": 20
      },
      "repr": "(parameter 0 (member post *))",
      "score": 0.7340694516897202,
      "snippet": {
         "beforeLines": [
            "\tconsole.log(\"data = \" + JSON.stringify(req.body));",
            "});",
            ""
         ],
         "before": "router.post(",
         "highlight": "'/login'",
         "afterLines": [
            "\tUser.count({'username' : req.body.username, 'password' : req.body.password}, function (err, count) ...",
            "        if (err) return next(err);",
            "        console.log(\"count = \" + count);"
         ],
         "after": ", function(req, res, next) {"
      },
      "reach": false,
      "locationEnclosingStm": {
         "projectName": "coding-blocks-online-judge",
         "path": "routes/api.js",
         "startLine": 32,
         "startColumn": 1,
         "endLine": 45,
         "endColumn": 3
      },
      "locationEnclosingFunc": {
         "projectName": "coding-blocks-online-judge",
         "path": "routes/api.js",
         "startLine": 1,
         "startColumn": 1,
         "endLine": 45,
         "endColumn": 3
      }
   },
   {
      "location": {
         "projectName": "coding-blocks-online-judge",
         "path": "routes/api.js",
         "startLine": 36,
         "startColumn": 39,
         "endLine": 36,
         "endColumn": 49
      },
      "repr": "(parameter 1 (member setHeader *))",
      "score": 0.5774881839752197,
      "snippet": {
         "beforeLines": [
            "\tUser.count({'username' : req.body.username, 'password' : req.body.password}, function (err, count) ...",
            "        if (err) return next(err);",
            "        console.log(\"count = \" + count);"
         ],
         "before": "        res.setHeader(\"Content-Type\", ",
         "highlight": "\"text/json\"",
         "afterLines": [
            "        if (count == 1) {",
            "            var sess = req.session;",
            "            sess.username = req.body.username; //save username in the session variable"
         ],
         "after": ");"
      },
      "reach": false,
      "locationEnclosingStm": {
         "projectName": "coding-blocks-online-judge",
         "path": "routes/api.js",
         "startLine": 36,
         "startColumn": 9,
         "endLine": 36,
         "endColumn": 51
      },
      "locationEnclosingFunc": {
         "projectName": "coding-blocks-online-judge",
         "path": "routes/api.js",
         "startLine": 33,
         "startColumn": 79,
         "endLine": 36,
         "endColumn": 51
      }
   },
   {
      "location": {
         "projectName": "coding-blocks-online-judge",
         "path": "routes/api.js",
         "startLine": 49,
         "startColumn": 39,
         "endLine": 49,
         "endColumn": 49
      },
      "repr": "(parameter 1 (member setHeader *))",
      "score": 0.5795830637216568,
      "snippet": {
         "beforeLines": [
            "",
            "router.get('/questions', function(req, res, next) {",
            "    Question.find({assignment_id: 1}, function(err, docs) {"
         ],
         "before": "        res.setHeader(\"Content-Type\", ",
         "highlight": "\"text/json\"",
         "afterLines": [
            "        res.send(JSON.stringify({result: \"success\", data: docs}));",
            "    });",
            "});"
         ],
         "after": ");"
      },
      "reach": false,
      "locationEnclosingStm": {
         "projectName": "coding-blocks-online-judge",
         "path": "routes/api.js",
         "startLine": 49,
         "startColumn": 9,
         "endLine": 49,
         "endColumn": 51
      },
      "locationEnclosingFunc": {
         "projectName": "coding-blocks-online-judge",
         "path": "routes/api.js",
         "startLine": 48,
         "startColumn": 39,
         "endLine": 49,
         "endColumn": 51
      }
   },
   {
      "location": {
         "projectName": "coding-blocks-online-judge",
         "path": "routes/api.js",
         "startLine": 60,
         "startColumn": 39,
         "endLine": 60,
         "endColumn": 49
      },
      "repr": "(parameter 1 (member setHeader *))",
      "score": 0.5825466960668564,
      "snippet": {
         "beforeLines": [
            "            console.log(\"error = \" + err);",
            "            next(err);",
            "        }"
         ],
         "before": "        res.setHeader(\"Content-Type\", ",
         "highlight": "\"text/json\"",
         "afterLines": [
            "        res.send(JSON.stringify({result: \"success\", data: doc}));",
            "    });",
            "});"
         ],
         "after": ");"
      },
      "reach": false,
      "locationEnclosingStm": {
         "projectName": "coding-blocks-online-judge",
         "path": "routes/api.js",
         "startLine": 60,
         "startColumn": 9,
         "endLine": 60,
         "endColumn": 51
      },
      "locationEnclosingFunc": {
         "projectName": "coding-blocks-online-judge",
         "path": "routes/api.js",
         "startLine": 55,
         "startColumn": 62,
         "endLine": 60,
         "endColumn": 51
      }
   },
   {
      "location": {
         "projectName": "coding-blocks-online-judge",
         "path": "routes/api.js",
         "startLine": 65,
         "startColumn": 13,
         "endLine": 65,
         "endColumn": 42
      },
      "repr": "(parameter 0 (member post *))",
      "score": 0.7342573255300522,
      "snippet": {
         "beforeLines": [
            "    });",
            "});",
            ""
         ],
         "before": "router.post(",
         "highlight": "'/submission/:id/upload/:user'",
         "afterLines": [
            "    res.setHeader(\"Content-Type\", \"text/json\");",
            "    if (!req.files) {",
            "        res.send(JSON.stringify({result:\"error\"}));"
         ],
         "after": ", function(req, res, next) {"
      },
      "reach": false,
      "locationEnclosingStm": {
         "projectName": "coding-blocks-online-judge",
         "path": "routes/api.js",
         "startLine": 65,
         "startColumn": 1,
         "endLine": 91,
         "endColumn": 3
      },
      "locationEnclosingFunc": {
         "projectName": "coding-blocks-online-judge",
         "path": "routes/api.js",
         "startLine": 1,
         "startColumn": 1,
         "endLine": 91,
         "endColumn": 3
      }
   },
   {
      "location": {
         "projectName": "coding-blocks-online-judge",
         "path": "routes/api.js",
         "startLine": 66,
         "startColumn": 35,
         "endLine": 66,
         "endColumn": 45
      },
      "repr": "(parameter 1 (member setHeader *))",
      "score": 0.5827682018280029,
      "snippet": {
         "beforeLines": [
            "});",
            "",
            "router.post('/submission/:id/upload/:user', function(req, res, next) {"
         ],
         "before": "    res.setHeader(\"Content-Type\", ",
         "highlight": "\"text/json\"",
         "afterLines": [
            "    if (!req.files) {",
            "        res.send(JSON.stringify({result:\"error\"}));",
            "        console.log(\"no file uploaded\");"
         ],
         "after": ");"
      },
      "reach": false,
      "locationEnclosingStm": {
         "projectName": "coding-blocks-online-judge",
         "path": "routes/api.js",
         "startLine": 66,
         "startColumn": 5,
         "endLine": 66,
         "endColumn": 47
      },
      "locationEnclosingFunc": {
         "projectName": "coding-blocks-online-judge",
         "path": "routes/api.js",
         "startLine": 65,
         "startColumn": 45,
         "endLine": 66,
         "endColumn": 47
      }
   },
   {
      "location": {
         "projectName": "coding-blocks-online-judge",
         "path": "routes/api.js",
         "startLine": 94,
         "startColumn": 35,
         "endLine": 94,
         "endColumn": 45
      },
      "repr": "(parameter 1 (member setHeader *))",
      "score": 0.5827682018280029,
      "snippet": {
         "beforeLines": [
            "});",
            "",
            "router.get('/leaderboard/:id', function(req, res, next) {"
         ],
         "before": "    res.setHeader(\"Content-Type\", ",
         "highlight": "\"text/json\"",
         "afterLines": [
            "    Submission.aggregate([",
            "            {",
            "                $match : {question_id : req.params.id}"
         ],
         "after": ");"
      },
      "reach": false,
      "locationEnclosingStm": {
         "projectName": "coding-blocks-online-judge",
         "path": "routes/api.js",
         "startLine": 94,
         "startColumn": 5,
         "endLine": 94,
         "endColumn": 47
      },
      "locationEnclosingFunc": {
         "projectName": "coding-blocks-online-judge",
         "path": "routes/api.js",
         "startLine": 93,
         "startColumn": 32,
         "endLine": 94,
         "endColumn": 47
      }
   },
   {
      "location": {
         "projectName": "coding-blocks-online-judge",
         "path": "routes/api.js",
         "startLine": 116,
         "startColumn": 35,
         "endLine": 116,
         "endColumn": 45
      },
      "repr": "(parameter 1 (member setHeader *))",
      "score": 0.5827682018280029,
      "snippet": {
         "beforeLines": [
            "});",
            "",
            "router.get('/submissions/:user', function(req, res, next) {"
         ],
         "before": "    res.setHeader(\"Content-Type\", ",
         "highlight": "\"text/json\"",
         "afterLines": [
            "    Submission.find({user: req.params.user})",
            "        .sort({updated_at : -1})",
            "        .exec(function (err, docs) {"
         ],
         "after": ");"
      },
      "reach": false,
      "locationEnclosingStm": {
         "projectName": "coding-blocks-online-judge",
         "path": "routes/api.js",
         "startLine": 116,
         "startColumn": 5,
         "endLine": 116,
         "endColumn": 47
      },
      "locationEnclosingFunc": {
         "projectName": "coding-blocks-online-judge",
         "path": "routes/api.js",
         "startLine": 115,
         "startColumn": 34,
         "endLine": 116,
         "endColumn": 47
      }
   },
   {
      "location": {
         "projectName": "coding-blocks-online-judge",
         "path": "routes/api.js",
         "startLine": 131,
         "startColumn": 35,
         "endLine": 131,
         "endColumn": 65
      },
      "repr": "(parameter 1 (member setHeader *))",
      "score": 0.5777531266212463,
      "snippet": {
         "beforeLines": [
            "router.get('/files/:file/:name', function(req, res, next) {",
            "    var file = \"./public/data/\" + req.params.file",
            "    console.log(\"filename = \" + file);"
         ],
         "before": "    res.setHeader(\"Content-Type\", ",
         "highlight": "\"application/x-download-please\"",
         "afterLines": [
            "    res.download(file, req.params.name);",
            "});",
            ""
         ],
         "after": ");"
      },
      "reach": false,
      "locationEnclosingStm": {
         "projectName": "coding-blocks-online-judge",
         "path": "routes/api.js",
         "startLine": 131,
         "startColumn": 5,
         "endLine": 131,
         "endColumn": 67
      },
      "locationEnclosingFunc": {
         "projectName": "coding-blocks-online-judge",
         "path": "routes/api.js",
         "startLine": 128,
         "startColumn": 34,
         "endLine": 131,
         "endColumn": 67
      }
   }
]